{
    "1": [
        0.16536458333333334,
        0.5138888888888888,
        0.2578125,
        0.7888888888888889
    ],
    "2": [
        0.16536458333333334,
        0.5143518518518518,
        0.2557291666666667,
        0.7898148148148149
    ],
    "3": [
        0.16536458333333334,
        0.5152777777777777,
        0.25364583333333335,
        0.7916666666666666
    ]
}